,principal component 1,principal component 2,class
0,4.8516828969608365,2.9652052186639954,excellent
1,4.855277359805346,2.925019158521443,excellent
2,4.97957359411849,3.0652476925028114,excellent
3,4.964137742919952,2.944914429642685,excellent
4,4.948485635773287,2.921828347019689,excellent
5,4.825370341451065,2.7998444236935156,excellent
6,4.808546971440183,2.8426532251420924,excellent
7,4.84638757477791,2.7588476208020514,excellent
8,4.807189835369556,2.8607219720362953,excellent
9,4.797605253675339,2.908508079075608,excellent
10,4.849738429963097,2.9555602605401905,excellent
11,4.818799275708748,2.8845645301968883,excellent
12,4.907098102989829,3.021782324196201,excellent
13,4.861600000266809,2.9482009532622286,excellent
14,4.855465436701143,2.9207830723039536,excellent
15,4.879702453513105,2.9424530444385204,excellent
16,4.845531419536513,2.9808777554913846,excellent
17,4.840271018796332,2.9033151179075163,excellent
18,4.906872297191474,3.0681718775498195,excellent
19,4.908209395031016,3.094003928036124,excellent
20,4.872652024695906,3.0224127482884198,excellent
21,4.929548924816653,3.0736584674857705,excellent
22,4.895799059385003,3.034574906448223,excellent
23,4.8619626118645,2.944180138240801,excellent
24,4.8185550298439805,2.923010617547504,excellent
25,4.79025097495415,2.9197562272009194,excellent
26,4.939655209594551,2.852105018334572,excellent
27,4.884737781903847,2.496980561897468,excellent
28,4.9569446647712825,2.5515526307085707,excellent
29,4.962568115631136,2.5581664306541416,excellent
30,4.916397743954891,2.468512926301229,excellent
31,4.933956530693544,2.5081620554760584,excellent
32,4.8142430132954654,2.2715408871563523,excellent
33,4.888528427194589,2.3986607463900924,excellent
34,4.904645702938055,2.5401751299865225,excellent
35,4.922248990399585,2.5711815655902304,excellent
36,4.878422827822863,2.484865169505055,excellent
37,4.892563916908362,2.5076846836830775,excellent
38,4.9223501965653265,2.5378874768725344,excellent
39,4.864562782400186,2.501606272702822,excellent
40,4.817904340914995,2.427372076502452,excellent
41,4.870444228051831,2.428748853323753,excellent
42,4.840222280803246,2.466664627480765,excellent
43,4.883009109190841,2.4852506908327183,excellent
44,4.856816711612384,2.508244548932458,excellent
45,4.821711961152653,2.4568444143279273,excellent
46,4.844330790433738,2.447890138653999,excellent
47,4.776771600383623,2.40006255957215,excellent
48,4.782983081461745,2.4287136031145877,excellent
49,4.8262217525467905,2.4273144612152775,excellent
50,4.84349677882324,2.47294385637344,excellent
51,4.821990156094799,2.4707938079286187,excellent
52,4.821821197490715,2.451500333648699,excellent
53,4.491386807619643,2.5782045011781154,excellent
54,4.526580074241186,2.5897265897395263,excellent
55,4.445456383044031,2.5542176180783924,excellent
56,4.422923401611911,2.437805824542247,excellent
57,4.449227404273604,2.4604900386828548,excellent
58,4.380625996580898,2.4184751302876877,excellent
59,4.437980831379896,2.526372406028585,excellent
60,4.501108920754456,2.5508779540028734,excellent
61,4.446473708010204,2.614258982121448,excellent
62,4.468037297185932,2.5917415868876406,excellent
63,4.530648589781567,2.6787734679342634,excellent
64,4.369178470221678,2.4279690784362886,excellent
65,4.314468380786267,2.4659997014227497,excellent
66,4.22954067203254,2.376629977574721,excellent
67,4.206373166979224,2.5065703617579542,excellent
68,3.904193903080438,2.0531320230923855,excellent
69,3.932303079025468,2.2335055137832067,excellent
70,3.488780463283441,1.8226090260452608,excellent
71,3.4169562312973443,1.788250521025532,excellent
72,3.427407610245234,1.8234723518385285,excellent
73,3.1921562607339484,1.6110203095729294,excellent
74,2.9741077887995306,1.4706277678100101,excellent
75,2.976353895235645,1.494232207651229,excellent
76,3.9058739332454118,2.198167902307042,excellent
77,3.1005227056812736,1.5181914068511984,excellent
78,3.7601860106703677,2.0757274796500456,excellent
79,4.074630062076854,2.311263158799312,excellent
80,4.180410049123684,2.407723385513831,excellent
81,4.27591094836497,2.523318674907826,excellent
82,4.366252369504365,2.550297357416138,excellent
83,4.4015089631931525,2.583426764433418,excellent
84,4.397513790621157,2.620058354335108,excellent
85,4.4029499216506265,2.6491525265378635,excellent
86,4.447386934059483,2.722309342164456,excellent
87,4.485273457786089,2.7026582532334427,excellent
88,4.473856131748971,2.7459855625915566,excellent
89,4.480953898751322,2.726370677579983,excellent
90,4.500409757726774,2.7405687795076843,excellent
91,4.479584608082206,2.683879606674173,excellent
92,4.484550792093456,2.6763253607435793,excellent
93,4.473914947299872,2.6991439319797377,excellent
94,4.505123803698678,2.747974076493461,excellent
95,4.491611435663496,2.724279750597881,excellent
96,4.468137669168227,2.703519052682377,excellent
97,4.4629215362723915,2.6827595007447287,excellent
98,4.473733388285982,2.7379683923093485,excellent
99,4.440492780644322,2.6909351765741145,excellent
100,4.424749912720262,2.664552266173338,excellent
101,4.35320901087684,2.6595486743586414,excellent
102,4.283047714425756,2.545965357438023,excellent
103,4.307485153927177,2.637469228973188,excellent
104,4.167475674622189,2.4972519655577763,excellent
105,3.7442149233941433,2.1342355989135546,excellent
106,3.794416239826085,2.1942423893354905,excellent
107,3.662851075034165,2.0712832500201093,excellent
108,3.7037718847051604,2.1229511462101454,excellent
109,4.064167920140522,2.3962020129584003,excellent
110,4.144581105484213,2.4683239878481946,excellent
111,4.257326085186778,2.611816030165082,excellent
112,4.301314831333173,2.6435081514259204,excellent
113,4.351997190125972,2.674673164874775,excellent
114,4.356275772593017,2.6784395541622104,excellent
115,4.376680708341427,2.6967386354580203,excellent
116,4.377484756916009,2.6957191848241924,excellent
117,4.462209580984144,2.7699456078659876,excellent
118,4.512385119251441,2.8434816924669537,excellent
119,4.5342637867071085,2.8558291747059332,excellent
120,4.514907294824282,2.8531744655604068,excellent
121,4.553442428339084,2.8150295262450045,excellent
122,4.575146275905868,2.8276293351727277,excellent
123,4.590764184937917,2.8251140393774516,excellent
124,4.684828580840993,2.9165250858565863,excellent
125,4.715825073130736,2.945119777733776,excellent
126,4.701739803801919,2.927165568426643,excellent
127,4.6845044741937025,2.941433200361021,excellent
128,4.6750784658080455,2.943797962032961,excellent
129,3.7740699227569663,2.7408572777841504,excellent
130,4.568920937477836,3.3109755406427337,excellent
131,4.56022828388799,3.291303864562953,excellent
132,4.525728436587718,3.236573051162659,excellent
133,4.480708432102248,3.1405286298680877,excellent
134,4.549797732758227,3.2527748556393696,excellent
135,4.578743395111396,3.3109081999284453,excellent
136,4.568099173199535,3.2703854915967923,excellent
137,4.575479280825852,3.30454591607406,excellent
138,4.613849419434707,3.330256869009503,excellent
139,4.616692786306548,3.3183755669442028,excellent
140,4.612947259417758,3.3209537588683538,excellent
141,4.615466270731574,3.329453828444775,excellent
142,4.609550325357874,3.3300682970558815,excellent
143,4.628740989912173,3.345786228025259,excellent
144,4.64737760806997,3.354049958925128,excellent
145,4.678458657274881,3.3682941672022433,excellent
146,4.683671171413114,3.374513553637672,excellent
147,4.694073437360207,3.3869701040811946,excellent
148,4.708291640525012,3.3891608656611925,excellent
149,4.753338235459325,3.4618115720983322,excellent
150,4.766496594951655,3.4608841000890167,excellent
151,4.815819995564919,3.5689280418664304,excellent
152,4.783632644955664,3.474049992002505,excellent
153,4.782503987508143,3.4706269143571524,excellent
154,4.7722780116074475,3.478735553115398,excellent
155,4.816503678807912,3.555786776286444,excellent
156,4.821091565605606,3.590593688135105,excellent
157,4.80387731135195,3.5998044605147212,excellent
158,4.819167431712064,3.6032798215165167,excellent
159,4.865262528439577,3.615413380089507,excellent
160,4.8951096438234005,3.6721604524756564,excellent
161,4.898889029727904,3.6695518577314177,excellent
162,4.909687159711641,3.681955441316708,excellent
163,4.8952051037114925,3.7527051169352528,excellent
164,4.9220615396130505,3.7613213520300923,excellent
165,4.908587214396369,3.760921064162011,excellent
166,4.893197878851431,3.7725423911312235,excellent
167,4.904944360298335,3.763773697322117,excellent
168,4.930461558049391,3.848044292089222,excellent
169,4.887029790225527,3.7411292084804124,excellent
170,4.875241633510671,3.7011646183431877,excellent
171,4.861902671338882,3.727477736909922,excellent
172,4.854579121267979,3.6601800630515284,excellent
173,4.846205743667342,3.652155295818,excellent
174,4.849283021941206,3.6194219133959846,excellent
175,4.86757738120356,3.6710402183443755,excellent
176,4.846825199644238,3.6173465038070516,excellent
177,4.792044150245747,3.502972517481878,excellent
178,3.1403367795153767,-1.4490654845367403,excellent
179,3.082396478925725,-1.540210636111824,excellent
180,3.1317531306169344,-1.3645712294581558,excellent
181,3.100436023174519,-1.4024376498845144,excellent
182,3.063357594041468,-1.3124691331456724,excellent
183,3.0661751740642806,-1.3302924833342369,excellent
184,2.5182428329707256,-1.609089260933717,excellent
185,2.6985510717420547,-1.5679722035466153,excellent
186,2.7864320483381984,-1.442532439912684,excellent
187,2.8360956234457597,-1.4003212662672737,excellent
188,2.8059711298507954,-1.5462908047551163,excellent
189,2.979659926994121,-1.1973732863980837,excellent
190,2.9723151981605818,-1.194316372038878,excellent
191,3.0472728396921354,-1.1281682369969845,excellent
192,3.0337017811297993,-1.234953699922471,excellent
193,3.352357627562398,-0.5447181830052498,excellent
194,2.7905813903230543,-1.680765197290798,excellent
195,2.7755711115196418,-1.6273853125967743,excellent
196,2.7615270681031063,-1.6189672204797618,excellent
197,2.6281381236036885,-1.802655709643284,excellent
198,2.758365162181193,-1.783427911655613,excellent
199,2.7284005965065905,-1.7144519695299838,excellent
200,2.6732712667626264,-1.7333181231706598,excellent
201,2.687468849519069,-1.7526568846003643,excellent
202,2.714527176608459,-1.7104670977179524,excellent
203,2.692873367520319,-1.7029862323933707,excellent
204,2.6501077107324025,-1.8319626602860863,excellent
205,2.725759370127097,-1.7251984613185298,excellent
206,2.6787046646585333,-1.8559471837082344,excellent
207,2.7162637069886326,-1.6612652799393919,excellent
208,2.673328464198224,-1.8575094658452254,excellent
209,2.7264469725140335,-1.67343394318735,excellent
210,2.721140967709371,-1.6174146231968551,excellent
211,2.6939061659639973,-1.656995552481093,excellent
212,2.7042483177894123,-1.606834309296224,excellent
213,2.717483392464838,-1.6224044464392093,excellent
214,2.733069530755754,-1.6263147318252689,excellent
215,2.7255295056066173,-1.6184570696914227,excellent
216,2.789538325229884,-1.4927108578254753,excellent
217,3.1872121555873787,-0.7252373315779187,excellent
218,3.1355556274021676,-0.6619898680423527,excellent
219,2.6047335334627544,-1.6905504565874243,excellent
220,2.5336109722067857,-1.8731217453733249,excellent
221,2.519544943928322,-1.9214811254200475,excellent
222,2.518023871219444,-1.9315932393098982,excellent
223,2.523226291580119,-1.9768107708470974,excellent
224,2.4347452848205458,-2.103685125225212,excellent
225,2.479334781695576,-1.9501802041921443,excellent
226,2.515366177967341,-1.927306278090198,excellent
227,2.4799047957055147,-1.971962565765787,excellent
228,2.451781259921325,-1.9566546207074684,excellent
229,2.4784304626579754,-1.91634498047771,excellent
230,2.5418837594958044,-2.028668615550589,excellent
231,2.499037712188066,-1.945585773896411,excellent
232,2.3991082715546477,-2.100978921677531,excellent
233,2.398780138092061,-2.1154218928055193,excellent
234,2.4977954203915504,-1.9446900244126577,excellent
235,2.4824035452226445,-1.8899002099675892,excellent
236,2.495971140942724,-1.897930142888013,excellent
237,2.5505672688321708,-1.8509527278382196,excellent
238,2.5348412990829963,-1.763589316503018,excellent
239,2.509410501351508,-1.8577644169539118,excellent
240,2.521348224805154,-1.757058272779095,excellent
241,2.4937179634109827,-1.8490978364304378,excellent
242,2.482272626721456,-1.8989793991921124,excellent
243,2.4755471709604517,-1.9013795145837895,excellent
244,2.5382923543202383,-1.729967374308778,excellent
245,2.4971051210704527,-1.7544532532418504,excellent
246,2.481663533898323,-1.7582019737683117,excellent
247,2.3193175652659552,-2.113423578703902,excellent
248,2.3059769007307547,-2.165736730296056,excellent
249,2.306896697394925,-2.121058733731299,excellent
250,2.3316057603773017,-2.028581657293442,excellent
251,2.3139771019835895,-2.1250276415662537,excellent
252,2.429336419316742,-1.8874969503093473,excellent
253,2.413195207878498,-1.8220677688390272,excellent
254,2.3864459390379285,-1.8778508846294408,excellent
255,2.4102158148274744,-1.8832858608866623,excellent
256,2.435765230239649,-1.8456932279176659,excellent
257,2.4598317875288824,-1.7051221084244423,excellent
258,2.4492604986600197,-1.6959701140842907,excellent
259,2.4523871059355082,-1.7446584995681447,excellent
260,2.4536124084878663,-1.6990237485329842,excellent
261,2.4367505902014663,-1.6943463717131901,excellent
262,2.4476480899568496,-1.6955160599446653,excellent
263,2.428129134559544,-1.69584455409955,excellent
264,2.434646739589226,-1.6964936483231152,excellent
265,2.469358101632072,-1.6068359646715535,excellent
266,2.4231978876843643,-1.6411779118889747,excellent
267,2.2773753552187195,-1.9720502416492427,excellent
268,2.299532023900038,-1.8669679348321493,excellent
269,2.288296221856855,-1.9738108592359018,excellent
270,2.367951757075653,-1.7452995008712364,excellent
271,2.310545233962311,-1.8702163382843167,excellent
272,2.299465190104781,-1.865002171114594,excellent
273,2.305243992772644,-1.8786395378155745,excellent
274,2.3067968175402385,-1.8198009438022638,excellent
275,2.3358314985416944,-1.7198028761813526,excellent
276,2.1445197477608584,-2.145761700120242,excellent
277,2.139163052979213,-2.130671372521883,excellent
278,2.138874068864439,-2.067177197320839,excellent
279,2.163668833174935,-2.06967253151672,excellent
280,2.1776241340348244,-1.9830601153278566,excellent
281,2.1854061972790113,-2.1028896034199236,excellent
282,2.2209996742168245,-2.011571736465818,excellent
283,2.2158145147881747,-1.9567557299576777,excellent
284,2.203611244459377,-1.9521476385771344,excellent
285,2.170269934631053,-2.0984909180207176,good
286,2.169674458004783,-1.997437193144804,good
287,2.2028153951370926,-1.9588526854717574,good
288,2.2083788590574187,-2.0158977408701095,good
289,2.187545139220742,-1.9524308467823621,good
290,2.1709166184223783,-1.9958280123592966,good
291,2.167130960952372,-2.0124777441885597,good
292,2.198130511924533,-1.9095632100864388,good
293,2.1905874124642115,-1.9682469998375107,good
294,2.166471587553715,-1.9470026677223085,good
295,2.1508015959347433,-1.95291183558249,good
296,2.1771788557646374,-1.9194292637370998,good
297,2.1769994715106873,-1.9030432211019737,good
298,2.1799143011704376,-1.9096316803982998,good
299,2.1539476760244254,-1.8867754270845838,good
300,2.1603734612479233,-1.8863215236048296,good
301,2.169260550059422,-1.8483269763327328,good
302,2.194882378817482,-1.8160173826592483,good
303,2.1025299624181004,-1.9325389338178915,good
304,2.1165301706279798,-1.9474702836680087,good
305,2.0981901922993633,-1.9966813109048527,good
306,2.1167658827275955,-2.0145663822683866,good
307,2.069637345574648,-2.10055050362894,good
308,2.0466391599696867,-2.0782921239634375,good
309,2.062405840868106,-2.1062246173079036,good
310,2.09879346934743,-1.9740985580736172,good
311,2.087012558997995,-1.9620005765938011,good
312,2.0307714304012254,-2.0919316145039013,good
313,2.0638636454441524,-2.0037591193678463,good
314,2.078552592477702,-1.9636065309987851,good
315,2.038747785113516,-1.938625324170673,good
316,2.039016825151552,-1.9941763654036329,good
317,2.0126508707720205,-1.9273901989106261,good
318,2.0326585407103224,-1.9382530052096383,good
319,1.9830641614883207,-1.8592878321571327,good
320,2.037715388855775,-1.8958617206364652,good
321,2.001749523673652,-1.9353097409027669,good
322,1.9686796000768456,-1.967491232275974,good
323,1.9767697386128682,-1.9815145075197083,good
324,1.9582410412220839,-1.9707475309754643,good
325,1.9800055614767158,-1.8746388744841314,good
326,1.9929717165785843,-1.884189096944961,good
327,1.9771389286784251,-1.9459761313672888,good
328,2.0049082985239934,-1.961782189821421,good
329,1.9824361736750866,-1.9531274448836096,good
330,2.003801688240074,-1.9092926138305146,good
331,1.9299519603542206,-2.0842454332136904,good
332,1.9919722122909465,-1.908940277706146,good
333,1.972797679104414,-1.9576417986228194,good
334,1.9821302710048814,-1.9575499958474973,good
335,1.987327099669336,-1.9188260570970803,good
336,1.9636417191668605,-1.904600703827803,good
337,1.9636193866859675,-1.9636359327799762,good
338,1.9835258557814044,-1.9205853884730655,good
339,1.9586519477815865,-1.909673270983538,good
340,1.9519679755070434,-1.9601521598340292,good
341,1.891811559270675,-1.9919496885399448,good
342,1.9315681700582177,-1.946943393017138,good
343,1.9501579873054418,-1.9172650492264203,good
344,1.9516586382529608,-1.9243440557940994,good
345,1.8521715675917103,-2.085761841449175,good
346,1.8639195502665729,-1.9866349191967487,good
347,1.85605901634123,-1.988335860964911,good
348,1.8944366396546202,-1.897398103661347,good
349,1.889953251802169,-1.8966949710766028,good
350,1.8775864949209173,-1.9505344472783879,good
351,1.8706900505801962,-1.9047480692340175,good
352,1.855594536711181,-1.9015612691111234,good
353,1.8501307007663579,-1.9008911419793282,good
354,1.8475818580144487,-1.9561784438603835,good
355,1.846986864208235,-1.8467063351508506,good
356,1.8330654280601328,-1.952757453458142,good
357,1.807887985797789,-1.8949176516521182,good
358,1.8013210847846866,-1.8853824432256614,good
359,1.8403061725763452,-1.8660485062906798,good
360,1.7993543237226877,-1.8931864125513849,good
361,1.8063068690847577,-1.9019368963219254,good
362,1.7862400561837555,-1.891048346681963,good
363,1.6888479895279511,-2.0654777586938327,good
364,1.6717908259687904,-2.0650786699533974,good
365,1.6846052521862607,-1.9609035891451174,good
366,1.7329238831852212,-1.986499609992642,good
367,1.6903116368134634,-1.9707756506462735,good
368,1.7192028873231258,-1.9230842432173372,good
369,1.7148864451900547,-1.8717223349055028,good
370,1.6424769858850754,-2.0584272969748643,good
371,1.7120805806907018,-1.8799916170613815,good
372,1.6819909704123632,-1.923189443607668,good
373,1.6961354614215165,-1.8815260720870977,good
374,1.6702898133782234,-1.9247329076169806,good
375,1.663911732714823,-1.8728903301445823,good
376,1.6703143849302053,-1.8722949959433812,good
377,1.6683327995837771,-1.8139321800103998,good
378,1.6412710947848879,-1.9096216020671397,good
379,1.6133628964888944,-1.9681157469022597,good
380,1.623004251404506,-1.9091355251605375,good
381,1.6201233259132553,-1.8548630799705634,good
382,1.6368682377502242,-1.7581657289875383,good
383,1.6059655185514032,-1.85176664366428,good
384,1.6275704671490108,-1.8076054441724636,good
385,1.6216411380156308,-1.808110613638378,good
386,1.6224281318407934,-1.7611012610112673,good
387,1.637008297499067,-1.6534195071104312,good
388,1.5819505000449405,-1.8551560613675409,good
389,1.5955973357271984,-1.7483116806866486,good
390,1.5014061772041618,-1.9226892894266308,good
391,1.62793457347832,-1.6570011619266722,good
392,1.5017359933113466,-1.9237398094258478,good
393,1.6095280620748884,-1.6528422863975454,good
394,1.4957863063181835,-1.93285895647726,good
395,1.5421904925164036,-1.8396100777922155,good
396,1.549332212319557,-1.7987390994426107,good
397,1.508164621122842,-1.8820634213136618,good
398,1.5258642826663467,-1.8330748000333335,good
399,1.4954176085731843,-1.8238873348193319,good
400,1.4794171500616045,-1.810735268835122,good
401,1.523578654709021,-1.7928801933774872,good
402,1.49323454730325,-1.8337212025618235,good
403,1.5175417055052476,-1.7736033304893037,good
404,1.4814575703517707,-1.8231195346423341,good
405,1.4446145499686944,-1.8618933764222176,good
406,1.4313445624503578,-1.9082351941622644,good
407,1.4736965978770338,-1.770168948416856,good
408,1.445324319164449,-1.8640719668043444,good
409,1.4513529888283663,-1.8673535244123136,good
410,1.4674440088120213,-1.8247855343193338,good
411,1.4576691206012127,-1.8240665554276687,good
412,1.4398539309247518,-1.8084974277009043,good
413,1.471772998705584,-1.776065213308179,good
414,1.4489424911380355,-1.7645244065280763,good
415,1.4339085646859822,-1.8074265576180641,good
416,1.3264240986379465,-2.0408128545096385,good
417,1.334216398555072,-2.039376095470209,good
418,1.3069047804515705,-2.082988664941777,good
419,1.3242831312346794,-2.0442421920768226,good
420,1.3445067604653214,-1.9985343625026235,good
421,1.3358123435039664,-1.9888551269729713,good
422,1.3477581627486084,-1.8820305628057772,good
423,1.336979474384857,-1.878900919232941,good
424,1.3409719741112023,-1.7544907451575833,good
425,1.362703783732021,-1.7794946290080491,good
426,1.3842773250237144,-1.7385646613279127,good
427,1.3682004533427117,-1.7407174476663572,good
428,1.3703019037259454,-1.7877417250610095,good
429,1.4361919173168876,-1.5406944130740978,good
430,1.3842212609893876,-1.7435898966426784,good
431,1.4451037513483023,-1.7313782871789878,good
432,1.394030422418065,-1.7662985889772882,good
433,1.4161133536864883,-1.6064608785415784,good
434,1.3895398682146756,-1.7057919878399692,good
435,1.425664260779213,-1.6101864423249654,good
436,1.414462618491408,-1.6039971037091445,good
437,1.35413233445685,-1.745798951217946,good
438,1.3792194614250135,-1.6969681611129144,good
439,1.3423137871033313,-1.7436812341743793,good
440,1.3616427030951743,-1.7531887703851474,good
441,1.3941683507031835,-1.5953458751256846,good
442,1.3450668510745885,-1.6853367885103718,good
443,1.3140963627457354,-1.7277771789093903,good
444,1.3250845032407434,-1.6780106137413566,good
445,1.3119453186962724,-1.7406888295503398,good
446,1.3105588719318786,-1.73326633248453,good
447,1.2919990736900298,-1.7292158755709388,good
448,1.3564342335633126,-1.5883713776805701,good
449,1.3298471219756458,-1.7416064835840093,good
450,1.3899069206120809,-1.6036599886304377,good
451,1.3775107923506396,-1.708169591636943,good
452,1.3560757525659881,-1.758515833896012,good
453,1.410008519956386,-1.6145285008714145,good
454,1.3463177309527363,-1.7455148057780536,good
455,1.3765695617632496,-1.6990953299592442,good
456,1.360444632882938,-1.745404745543396,good
457,1.4146404555756602,-1.5474944554228265,good
458,1.3181286375476822,-1.7800984733252136,good
459,1.389927252901817,-1.5976140350991135,good
460,1.3042363986768113,-1.7225203685626136,good
461,1.350340476370231,-1.5801221317078726,good
462,1.3009816879356126,-1.662154403671677,good
463,1.2963032452835768,-1.667255239932121,good
464,1.3127862637250833,-1.5730400893633019,good
465,1.3030005984805282,-1.5737675799859847,good
466,1.2854229836711522,-1.6720155403398456,good
467,1.2765962095367054,-1.6730274645606618,good
468,1.273492243119263,-1.7280194212116993,good
469,1.3282264479801984,-1.5831937049953917,good
470,1.3312102958662508,-1.528824133209291,good
471,1.3224681877064235,-1.5282406249780034,good
472,1.32196400313555,-1.5391548081869892,good
473,1.248441282340565,-1.6561831732137957,good
474,1.2209336219454865,-1.70224500040614,good
475,1.2431427759339464,-1.7101146298843963,good
476,1.2817334427669103,-1.5094653178913398,good
477,1.267662562278608,-1.571390250505852,good
478,1.2204541947411176,-1.663967687489835,good
479,1.2627924903456293,-1.5126261000181622,good
480,1.2109759258009034,-1.6578582928384875,good
481,1.2244244782865663,-1.6723051920466108,good
482,1.262154023974731,-1.5756691514002397,good
483,1.2765643064058325,-1.5208427735672745,good
484,1.2159082072220684,-1.7107293765395026,good
485,1.2749161165417044,-1.576273236366979,good
486,1.2773277943747146,-1.5795522241305255,good
487,1.2608914864910596,-1.5668698980011018,good
488,1.2372847061063688,-1.5531139260674258,good
489,1.2627901465717912,-1.5073276247822796,good
490,1.209955841618411,-1.6507803395670404,good
491,1.2177760722515794,-1.6557645781731085,good
492,1.2084313298880924,-1.675369306171418,good
493,1.2377615795517751,-1.6647494746142162,good
494,0.7680688782069003,-1.5241932862853633,good
495,0.36911493574496745,-1.2603558440427127,good
496,0.3082598968493051,-1.2162966786374805,acceptable
497,0.28540177068077044,-1.4023496478792572,acceptable
498,0.41735870233756134,-1.3393201725213528,acceptable
499,0.5199380601508151,-1.3667434463047778,acceptable
500,0.6240509526292418,-1.402971036769782,acceptable
501,0.7633833347469059,-1.2797253641683024,acceptable
502,0.8703619105653583,-1.3224789789795348,acceptable
503,0.9435893768392096,-1.3952865744681346,acceptable
504,0.9892820544572967,-1.4495827860198163,acceptable
505,1.0859190278017896,-1.3743018542783518,acceptable
506,1.1534880283190312,-1.4506845861346793,acceptable
507,1.1727364595015302,-1.4443651350913336,acceptable
508,1.2164177914277152,-1.4480333480664158,acceptable
509,1.2467883985500579,-1.4603805184789427,acceptable
510,1.2505463674114763,-1.5112771696935718,acceptable
511,1.2943057794615267,-1.4125706544050294,acceptable
512,1.3122510898390505,-1.4711280015352248,acceptable
513,1.3268970139701288,-1.416404571298432,acceptable
514,1.329524490458258,-1.4674058717971634,acceptable
515,1.3615530239361533,-1.429309344587692,acceptable
516,1.358233509977527,-1.477635773098577,acceptable
517,1.375026490380987,-1.3827330266758808,acceptable
518,1.3556280091203876,-1.4280335757430809,acceptable
519,1.2746858251104607,-1.4527321546127154,acceptable
520,1.3204341343349284,-1.3515126543014222,acceptable
521,1.3650544328333096,-1.2662463769078418,acceptable
522,1.3200359687956085,-1.4101734283182314,acceptable
523,1.3270531522979419,-1.4610622532770798,acceptable
524,1.349660536941099,-1.4724262985388799,acceptable
525,1.3716648500155253,-1.4175335455788933,acceptable
526,1.3489989593155491,-1.4512619906397661,acceptable
527,1.4359307616928525,-1.2719551574431538,acceptable
528,1.389047049175113,-1.4202971093599963,acceptable
529,1.424927291376937,-1.2730607938383944,acceptable
530,1.3296750569456028,-1.4931834875176817,acceptable
531,1.3930588111571571,-1.3655266808632922,acceptable
532,1.4033940814935302,-1.2479153418123676,acceptable
533,1.3422854856733297,-1.3432673126042305,acceptable
534,1.262595337355595,-1.2578514977617286,acceptable
535,1.2560757178309103,-1.1932757352654662,acceptable
536,1.253463408771842,-1.2327243757560997,acceptable
537,1.2503261923405666,-1.3311571272647145,acceptable
538,1.290784483947342,-1.2319527198006592,acceptable
539,1.3238393966049233,-1.2436597492322534,acceptable
540,1.2950303064921698,-1.3264612354957495,acceptable
541,1.3871948884703795,-1.1456510822541197,acceptable
542,1.3689018505510555,-1.2365219403756398,acceptable
543,1.390571227978563,-1.1332718162651212,acceptable
544,1.4849795178771101,-1.0215708075009382,acceptable
545,1.4603338812415887,-1.1130633246150479,acceptable
546,1.4403037267770689,-1.1480873355142789,acceptable
547,1.1631581085433438,-1.2332338266595002,acceptable
548,0.9542823019284037,-1.0679180495577543,acceptable
549,0.9383232616874041,-1.0089304943648858,acceptable
550,1.0211051132028162,-0.8581054171036473,acceptable
551,1.085009924754428,-0.812389898836583,acceptable
552,1.2771344985817528,-0.550586304737346,acceptable
553,1.7300334249086218,0.3099726300763322,acceptable
554,1.7362853714888808,0.09848670996647581,acceptable
555,1.68556067461889,-0.08928386734379538,acceptable
556,1.8005148193839438,0.04338341497069436,acceptable
557,1.7740947478316966,-0.10733093554775544,acceptable
558,1.7138506606784418,-0.23011006679327836,acceptable
559,1.7121412348463156,-0.3228789641722706,acceptable
560,1.801744846726797,-0.13673546550487128,acceptable
561,1.7978322586462219,-0.23671789427019405,acceptable
562,1.4505202229876508,-0.7821855322313289,acceptable
563,1.587001099080399,-0.36186517553817044,acceptable
564,1.5893283350607712,-0.29678166411103774,acceptable
565,1.17611521172873,-1.1557213167391551,acceptable
566,1.1242011717801206,-1.3342501037872132,acceptable
567,1.1164503647760622,-1.5401597242839469,acceptable
568,1.1689011580242932,-1.3784024267915653,acceptable
569,1.2031304563400183,-1.3726969693169664,acceptable
570,1.2299223450443462,-1.3788593949843622,acceptable
571,1.2166121587453504,-1.532338733266741,acceptable
572,1.2481651158376526,-1.5495603585720752,acceptable
573,1.2439568769234737,-1.5256298606831495,acceptable
574,1.2668993415478254,-1.5358745797953082,acceptable
575,1.3104029185064958,-1.4432082264463182,acceptable
576,1.2673643659971927,-1.587082590182309,acceptable
577,1.26987677915863,-1.5749607995762942,acceptable
578,1.277737833883114,-1.586493044488275,acceptable
579,1.2365105680301587,-1.6097377460333036,acceptable
580,1.272461380417895,-1.572172039025761,acceptable
581,1.2432159170179171,-1.5653239444957228,acceptable
582,1.2136073564027159,-1.6036176266809008,acceptable
583,1.24868980507712,-1.5018364123287486,acceptable
584,1.2232726885088954,-1.4908327942631738,acceptable
585,1.187400107138086,-1.585958640976696,acceptable
586,1.1768110936116305,-1.5708121408452893,acceptable
587,1.1134815165157492,-1.5826118151690514,acceptable
588,0.7637850739718083,-1.5645817141929896,acceptable
589,0.6026095201932723,-1.45220189480021,acceptable
590,0.6287646488414127,-1.2829201172951799,acceptable
591,0.7493366749517085,-1.3087579437517198,acceptable
592,0.7601471720184485,-1.4956836074283362,acceptable
593,0.7794574278836941,-1.4388403713191642,acceptable
594,0.7497049598340376,-1.4731906375913115,acceptable
595,0.8081191855595239,-1.408436845003199,acceptable
596,0.861665876288957,-1.521142353917699,acceptable
597,0.8460722753605768,-1.4866282353713687,acceptable
598,0.8687099388064783,-1.4755573943477018,acceptable
599,0.903111268677097,-1.4691240267153585,acceptable
600,0.8906492357521586,-1.4236869976389723,acceptable
601,0.8860175842517605,-1.4587616021989656,acceptable
602,0.9336816168643056,-1.4190972180002515,acceptable
603,0.9088588283578937,-1.4094176437091939,acceptable
604,0.9924113191081391,-1.3198002182084294,acceptable
605,0.9494127527040472,-1.5523223559538102,acceptable
606,1.0292723186942154,-1.454061602151315,acceptable
607,1.037469533615852,-1.5033023646381722,acceptable
608,1.0879038533482297,-1.5202790441918592,acceptable
609,1.0882187822990128,-1.5124221581694766,acceptable
610,0.9988840762131529,-1.5424262345880755,acceptable
611,0.9804266642848561,-1.5327937751476384,acceptable
612,1.0031378503494701,-1.387260476464313,acceptable
613,0.970448815558093,-1.4728331988879253,acceptable
614,0.991549688419751,-1.4633833128604405,acceptable
615,1.0099843726489075,-1.456692291975002,acceptable
616,1.0570757450994883,-1.35862833446707,acceptable
617,1.044793831060558,-1.4694385242896826,acceptable
618,1.0762455055223243,-1.4220513782603617,acceptable
619,1.041001794020283,-1.4346467917697778,acceptable
620,1.0986019324448602,-1.3349594306670296,acceptable
621,1.1492971123612612,-1.4083258215527619,acceptable
622,1.1517350186833968,-1.4352386369516579,acceptable
623,0.9308893000223455,-1.4439751940387766,acceptable
624,0.7458765774996453,-1.4492831249815825,acceptable
625,0.7117576495419394,-1.3718782068259676,acceptable
626,0.7598430654334047,-1.3171907335820643,acceptable
627,0.8438424958907993,-1.2323853349731433,acceptable
628,0.8655694462281017,-1.3188715420023884,acceptable
629,0.892730849582474,-1.3690800277692583,acceptable
630,0.9467892747316108,-1.375457210988641,acceptable
631,0.955409829682715,-1.414068846093971,acceptable
632,1.0383359772635168,-1.3803084446878846,acceptable
633,1.0820132839504917,-1.3266953598845423,acceptable
634,1.0938078424282807,-1.3744708966431665,acceptable
635,1.1003779018971611,-1.4140462635456792,acceptable
636,1.1610780556884337,-1.2956138713390501,acceptable
637,1.1035382437873542,-1.3917634397686045,acceptable
638,1.1821945288981468,-1.211700356064485,acceptable
639,1.1469342937935603,-1.2959739079646266,acceptable
640,1.1102234732226743,-1.4413534493387163,acceptable
641,1.1062549810951976,-1.3332829166318623,acceptable
642,1.0911655158670637,-1.332106876989107,acceptable
643,1.1330058754980425,-1.191245380841828,acceptable
644,1.0835316303206701,-1.1818835426029473,acceptable
645,0.6795968924147977,-1.3416019329641222,acceptable
646,0.3064680986695427,-1.2923136406567788,acceptable
647,0.30125338720485095,-1.1578228479620793,acceptable
648,0.34840303108703924,-1.2560055640480166,acceptable
649,0.4724338185885753,-1.2196283905648777,acceptable
650,0.5980791124984056,-1.187878268266765,acceptable
651,0.6278054663256883,-1.290064556128077,acceptable
652,0.6773325914530033,-1.2876979939106488,acceptable
653,0.737879812954258,-1.1918626737118283,acceptable
654,0.7688952067052908,-1.2432060053940837,acceptable
655,0.754136409955649,-1.282275615297427,acceptable
656,0.7498523685729458,-1.2254876802201775,acceptable
657,0.7514287898677136,-1.2758200994643163,acceptable
658,0.7844858997646058,-1.277837834504891,acceptable
659,0.7512646258557589,-1.3161772358666723,acceptable
660,0.7401526021538994,-1.2675336869080844,acceptable
661,0.7105843520351391,-1.2132200594852842,acceptable
662,0.6556331133932313,-1.2500340610715337,acceptable
663,0.7177478394347822,-1.1548168881198217,acceptable
664,0.6919619944445784,-1.2289384450363832,acceptable
665,0.7561265106472101,-1.1448877464907987,acceptable
666,0.7800963226414924,-1.135226487903216,acceptable
667,0.8271657894835978,-1.0397342003803853,acceptable
668,0.7710152386529749,-1.2208351229323364,acceptable
669,0.7921945112816297,-1.1712915632538416,acceptable
670,0.7152586972922143,-1.1258084722426622,acceptable
671,0.5621330298433435,-1.1021689637451373,acceptable
672,0.47113729113416464,-1.1772641292030477,acceptable
673,0.49597320634096975,-1.1193655386413213,acceptable
674,0.5140702166870296,-1.1108138911698142,acceptable
675,0.5579097360198427,-0.9698453960426501,acceptable
676,0.5107586938565573,-1.0531666932271557,acceptable
677,0.4374998445316022,-1.1469595411879312,acceptable
678,0.0007894039931715887,-0.9859192947361285,acceptable
679,-0.236376269981328,-1.003638670552499,spoiled
680,-0.2704971215446879,-1.0352454401719022,spoiled
681,-0.16723625529168337,-0.9443778854207026,spoiled
682,-0.04139713157331438,-0.9185088224935366,spoiled
683,0.0807384390952728,-0.9416369014578915,spoiled
684,0.127419080444883,-1.0412173794769561,spoiled
685,0.2108993286812249,-1.0618035286482457,spoiled
686,0.314988414476212,-0.9722624564598638,spoiled
687,0.3353166135640577,-1.0243751448429055,spoiled
688,0.37235965788876785,-1.030927332705019,spoiled
689,0.377584478013635,-1.0204217075882955,spoiled
690,0.5024174179123775,-0.7900049929268039,spoiled
691,0.3639217403157538,-1.0103689173604657,spoiled
692,0.3470985012551432,-0.9980237328782273,spoiled
693,0.33647647503392697,-0.9891162950300668,spoiled
694,0.3227191660131342,-0.9863159351512416,spoiled
695,0.20579195287460897,-0.972973967009973,spoiled
696,0.12742413720481716,-0.9077218635991423,spoiled
697,0.049771840713911816,-0.9193177476980029,spoiled
698,0.13468632151559748,-0.790051684629794,spoiled
699,0.14261163188192008,-0.8824503960440928,spoiled
700,0.14645512152602835,-0.8868595411328588,spoiled
701,0.14681743034873387,-0.9315681297547806,spoiled
702,0.15622539024559834,-0.9399557200912967,spoiled
703,0.12338662580103686,-0.7808057655263154,spoiled
704,-0.038948797279482514,-0.9290838581387495,spoiled
705,-0.10935941155217235,-0.718571520880528,spoiled
706,-0.15749842291205907,-0.8573767130102683,spoiled
707,-0.09997342384808725,-0.8361958267111739,spoiled
708,-0.1531621325103418,-0.8513403125351976,spoiled
709,-0.17973277958243783,-0.8391139097593823,spoiled
710,-0.13144216604185774,-0.6969861100608717,spoiled
711,-0.16807115403202882,-0.8317162830185524,spoiled
712,-0.12088225788627152,-0.7918829754378253,spoiled
713,-0.11059913423081025,-0.840042147248769,spoiled
714,-0.0700030380060465,-0.6871743270694665,spoiled
715,-0.03937021595287049,-0.7010931646884443,spoiled
716,-0.05155557302449566,-0.7795446758788799,spoiled
717,-0.18524514055476837,-0.6508078794880525,spoiled
718,-0.21617966365402466,-0.7328221500214134,spoiled
719,-0.19963993348528677,-0.643184109434249,spoiled
720,-0.37253147951673743,-0.5839274239482053,spoiled
721,-0.3495629541372302,-0.5766433030259867,spoiled
722,-0.2841473957803636,-0.5899187838071871,spoiled
723,-0.24763132068605664,-0.5936243940791865,spoiled
724,-0.4522536319185972,-0.7852623437055996,spoiled
725,-0.4396996061733873,-0.684207507580549,spoiled
726,-0.37328902979648926,-0.6392300521771089,spoiled
727,-0.3546888041105154,-0.6793838356985253,spoiled
728,-0.37945715376502387,-0.709710529400754,spoiled
729,-0.3716306608208514,-0.49231141271676315,spoiled
730,-0.4017123964282951,-0.4831237722079343,spoiled
731,-0.44306836309984055,-0.4586925450469802,spoiled
732,-0.4697977246879998,-0.548675852982206,spoiled
733,-0.48054638704033664,-0.5942677949002945,spoiled
734,-0.4584153785229339,-0.5311919815451158,spoiled
735,-0.6201532052018737,-0.3477604066643344,spoiled
736,-0.8055161114767814,-0.3505818217313167,spoiled
737,-0.8135232462989395,-0.2982543211524173,spoiled
738,-0.812108292477194,-0.4363948025749732,spoiled
739,-0.6902160981418671,-0.30760136681103145,spoiled
740,-0.6925830730747516,-0.503155581877992,spoiled
741,-0.5858153257772418,-0.36407114339673846,spoiled
742,-0.5771695195164382,-0.3439383061889058,spoiled
743,-0.6093726175165171,-0.4677545950486785,spoiled
744,-0.5912249554002942,-0.3053726345508688,spoiled
745,-0.6722183053270971,-0.3664325796630882,spoiled
746,-0.7199386926068226,-0.39939430263509623,spoiled
747,-0.7064927720788333,-0.24159651011142746,spoiled
748,-0.8800975308181054,-0.3027733542452844,spoiled
749,-0.9455964494160385,-0.2856392765953939,spoiled
750,-0.969104360977678,-0.32164304167879276,spoiled
751,-0.8596741306429423,-0.13978674859448714,spoiled
752,-0.92852291278341,-0.1550463957247046,spoiled
753,-1.0218651528632197,-0.13047563943129242,spoiled
754,-1.0399904282930217,-0.11096065433323275,spoiled
755,-1.05927170085619,-0.20281108299836184,spoiled
756,-0.9947253524205626,-0.056846953896179477,spoiled
757,-0.9925671332908863,-0.040628333654232386,spoiled
758,-1.065695859783637,-0.20872785210895337,spoiled
759,-1.0532891898283208,-0.1477233405911451,spoiled
760,-1.0685112266751975,-0.1296530897385589,spoiled
761,-1.1392641691094068,-0.12005721889315005,spoiled
762,-1.1673980991680535,-0.01506151501583241,spoiled
763,-1.2635203965089121,-0.13769988629682559,spoiled
764,-1.1921503232758492,0.06018558160579745,spoiled
765,-1.1803225855263368,0.05761323130015629,spoiled
766,-1.1802103667926163,0.039666717336396935,spoiled
767,-1.2255701511900352,-0.04096538760136787,spoiled
768,-1.2902770558722922,-0.013245127155077082,spoiled
769,-1.30281186839701,-0.030407632636595225,spoiled
770,-1.3070979901162723,0.11728604763880737,spoiled
771,-1.4294465359875022,-0.0198232237747141,spoiled
772,-1.4384329428843479,-0.011711684662544615,spoiled
773,-1.4388992364505517,-0.045967781168990404,spoiled
774,-1.3579562243315821,0.09358411054295022,spoiled
775,-1.3986817841208088,-0.032396537818523224,spoiled
776,-1.3597037337043179,0.016085627259277584,spoiled
777,-1.3143169923275515,0.12410960541974793,spoiled
778,-1.3062846005972124,0.12878685401430054,spoiled
779,-1.344457892940285,0.0481319901225346,spoiled
780,-1.307270265394882,0.1374978653274774,spoiled
781,-1.3791492108153902,0.016268325099451208,spoiled
782,-1.3693239590326114,0.007003420103548783,spoiled
783,-1.365861253813966,0.06467416233750913,spoiled
784,-1.4659400185646303,0.05612454151148146,spoiled
785,-1.6269708061313473,0.009955008589898487,spoiled
786,-1.5693537132984572,0.15132546600101485,spoiled
787,-1.585304849575338,0.0681364173788648,spoiled
788,-1.515574722966186,0.20925843435926558,spoiled
789,-1.4835178208858284,0.20826468338442525,spoiled
790,-1.4933416434117257,0.22993493209602886,spoiled
791,-1.5217334482623917,0.0902898620176947,spoiled
792,-1.499009455865271,0.25229689272594996,spoiled
793,-1.5159905630439419,0.24770998690232893,spoiled
794,-1.5427601898564562,0.20789364935941415,spoiled
795,-1.5960417351403295,0.07345754527045448,spoiled
796,-1.6049652988579792,0.12388923568962307,spoiled
797,-1.6741343619705036,0.12366851300044154,spoiled
798,-1.6858012542933838,0.11979905939587866,spoiled
799,-1.6808098981393707,0.12713802738749214,spoiled
800,-1.6573970064664776,0.2349279961193962,spoiled
801,-1.638733148070271,0.26711026670994337,spoiled
802,-1.6462233448227586,0.2697795972842753,spoiled
803,-1.689221228192137,0.2698071990785165,spoiled
804,-1.7546158503573779,0.12985856535361961,spoiled
805,-1.7648200662776885,0.13593332518619827,spoiled
806,-1.724197528330765,0.20465715066506204,spoiled
807,-1.7466957939270422,0.20739377141382515,spoiled
808,-1.8381520892937229,0.1069815977928643,spoiled
809,-1.8537314621170973,0.1706203288847773,spoiled
810,-1.9151766264882122,0.06613893206239536,spoiled
811,-1.9326020816257294,0.053044808798723,spoiled
812,-1.9038689452002293,0.19077701785350606,spoiled
813,-1.898246659927758,0.1783627269819839,spoiled
814,-2.0023025214518575,0.06108803049143162,spoiled
815,-2.00491733298398,0.06074851839239465,spoiled
816,-1.9366569563286056,0.24736666222214201,spoiled
817,-1.993592412268453,0.15795948764263756,spoiled
818,-2.004824329857232,0.16442509611981684,spoiled
819,-2.0118875010562336,0.16625497288815647,spoiled
820,-2.066619994220352,0.08222369542319186,spoiled
821,-2.0350965251565616,0.2330942189402107,spoiled
822,-2.0108711948502718,0.2193054016981536,spoiled
823,-2.032651282726369,0.23408728826597866,spoiled
824,-2.0240343152570617,0.23408121717859812,spoiled
825,-2.0967538916328383,0.25483614937527643,spoiled
826,-2.1519962047561503,0.11904014165722751,spoiled
827,-2.0825015026680496,0.2504222332752625,spoiled
828,-2.108380648345104,0.2165999931902656,spoiled
829,-2.1595172251229626,0.12705666145528893,spoiled
830,-2.152047263228559,0.23880008099753589,spoiled
831,-2.110886066506841,0.2710722468643467,spoiled
832,-2.1134645429069097,0.2793896931916065,spoiled
833,-2.119229829584901,0.2764890982486197,spoiled
834,-2.1285572892964444,0.28085346725234817,spoiled
835,-2.1985857969813223,0.16112217714065077,spoiled
836,-2.164350417065444,0.2566691520487755,spoiled
837,-2.1905021051492675,0.15783778181928568,spoiled
838,-2.1633137428138194,0.30725966611397226,spoiled
839,-2.177515071226588,0.2577148836778,spoiled
840,-2.2245864955101777,0.1789525695678084,spoiled
841,-2.169470303233875,0.3066770462955512,spoiled
842,-2.185346761283593,0.3125147544533386,spoiled
843,-2.2147377915363053,0.27703629709081545,spoiled
844,-2.1976512262034764,0.3154269364670053,spoiled
845,-2.2334801755534572,0.3431152992551417,spoiled
846,-2.219517507435695,0.27325448501669297,spoiled
847,-2.22503018382738,0.3195098399271895,spoiled
848,-2.247557853383051,0.2887818321954386,spoiled
849,-2.3000423818871316,0.20151870728100849,spoiled
850,-2.261124040473935,0.34763180129852095,spoiled
851,-2.313701845808049,0.20949748505689728,spoiled
852,-2.302763131573867,0.20525809687886537,spoiled
853,-2.322560671488923,0.22143047228780277,spoiled
854,-2.2638227979682806,0.350864927919313,spoiled
855,-2.2622897746389325,0.35237344496763184,spoiled
856,-2.259882075460124,0.3549085344561756,spoiled
857,-2.3022520744105237,0.32871708912826586,spoiled
858,-2.3510831286342757,0.23466390294830783,spoiled
859,-2.298340169647988,0.31479613070292084,spoiled
860,-2.3375556869061755,0.3380420737590993,spoiled
861,-2.341401597619872,0.3425675858632641,spoiled
862,-2.3791563725275555,0.24804351601532582,spoiled
863,-2.3691041253082963,0.24454877583110532,spoiled
864,-2.4283892510573084,0.28351781728872066,spoiled
865,-2.3390654266209614,0.4017220647185078,spoiled
866,-2.3599697286157926,0.23592214273620415,spoiled
867,-2.3424812800508192,0.3344294740107751,spoiled
868,-2.4074245399026366,0.26579412771415967,spoiled
869,-2.3448245737344293,0.3980120934536298,spoiled
870,-2.429592432768693,0.2754830747903155,spoiled
871,-2.3683780713869416,0.3407292561354265,spoiled
872,-2.4230858743459236,0.2787268794563745,spoiled
873,-2.419744973758295,0.26419898405446296,spoiled
874,-2.3856387098388465,0.4200616003704906,spoiled
875,-2.383228180191065,0.4138056908341454,spoiled
876,-2.4350830823179317,0.36894219699035824,spoiled
877,-2.485023985484658,0.443957702009364,spoiled
878,-2.5100246812515774,0.2955676836725139,spoiled
879,-2.4291969749756737,0.4231807647522601,spoiled
880,-2.486478804474843,0.2862998017462884,spoiled
881,-2.407916600761255,0.4138441441527747,spoiled
882,-2.4311522566866275,0.4342745496850011,spoiled
883,-2.390995528571747,0.41560077704432585,spoiled
884,-2.491867438234447,0.3049384344880781,spoiled
885,-2.449081533333392,0.28681616050976355,spoiled
886,-2.4288118869720994,0.39060022996585797,spoiled
887,-2.417175785484305,0.3858867103519706,spoiled
888,-2.489417344355906,0.31762888266317335,spoiled
889,-2.374305730358371,0.4744316895512055,spoiled
890,-2.4752267367307788,0.3084004039280777,spoiled
891,-2.4785832239396983,0.2574644854993221,spoiled
892,-2.4186792967824773,0.4373131601239399,spoiled
893,-2.4108600970027845,0.3811600430137778,spoiled
894,-2.4430575924470297,0.39064969775266273,spoiled
895,-2.43137167265216,0.3937745075043583,spoiled
896,-2.4247689223301685,0.49304531533391016,spoiled
897,-2.472161506341719,0.47734327220647893,spoiled
898,-2.4631118431109886,0.34343469024681816,spoiled
899,-2.456489802558147,0.3981038643719439,spoiled
900,-2.463004751121859,0.4079711756189877,spoiled
901,-2.473579141416533,0.4135322129369554,spoiled
902,-2.534099039376116,0.34114234412089506,spoiled
903,-2.462805459228557,0.4135472043756271,spoiled
904,-2.519570806673008,0.3303296826421499,spoiled
905,-2.5426138942023364,0.3258065469775242,spoiled
906,-2.5634500317776547,0.34425991416388346,spoiled
907,-2.564493501637964,0.3465694568363189,spoiled
908,-2.515383315894814,0.483842471643985,spoiled
909,-2.552567563306165,0.3315350997418046,spoiled
910,-2.5733291286541955,0.3477468740663164,spoiled
911,-2.5438113096351143,0.3256686882617259,spoiled
912,-2.5209693891909586,0.4766436240931142,spoiled
913,-2.5494611870891517,0.49204881277625917,spoiled
914,-2.5166050850434356,0.4727090078344523,spoiled
915,-2.5568749414875325,0.32641808415095225,spoiled
916,-2.612295195516773,0.3058872303913004,spoiled
917,-2.5339657404364226,0.4859259390766303,spoiled
918,-2.5423393408656607,0.4947811081179114,spoiled
919,-2.5437019828047536,0.5082674275423996,spoiled
920,-2.59973694533009,0.36162903612251207,spoiled
921,-2.556784957218383,0.45196771145664083,spoiled
922,-2.572563734597334,0.46022071812172993,spoiled
923,-2.5456385313667043,0.4423161987639666,spoiled
924,-2.610359863490892,0.367501728409767,spoiled
925,-2.5521223675486153,0.5005518580106494,spoiled
926,-2.5994632998150435,0.4741228570312293,spoiled
927,-2.628485918073066,0.369844097343183,spoiled
928,-2.560609601487319,0.4421880003488096,spoiled
929,-2.582159048887221,0.45401896959324206,spoiled
930,-2.6155111624482004,0.36045452861746846,spoiled
931,-2.5867790130553314,0.5120659610478455,spoiled
932,-2.5785263624660755,0.5620483585717214,spoiled
933,-2.680395071405681,0.37504606818414943,spoiled
934,-2.663753736989133,0.5399251582118177,spoiled
935,-2.630497582482437,0.46319702962858955,spoiled
936,-2.646595758222088,0.5296908060161044,spoiled
937,-2.639455019996145,0.5320415748636487,spoiled
938,-2.7073921612820273,0.4061564322141884,spoiled
939,-2.6136546248309047,0.46655415581422405,spoiled
940,-2.629494651756408,0.5339212012326718,spoiled
941,-2.6509687047422963,0.543037750302371,spoiled
942,-2.632014558036346,0.48094944956035335,spoiled
943,-2.6078395427502357,0.5261997098826461,spoiled
944,-2.6032772604466783,0.5217546037902151,spoiled
945,-2.629602668599383,0.4813179044103683,spoiled
946,-2.5800605837606554,0.6121831895290947,spoiled
947,-2.6360054443003094,0.5963002296860195,spoiled
948,-2.6076080170225757,0.5787000144477299,spoiled
949,-2.6390694583445535,0.5399627833960454,spoiled
950,-2.592005052757722,0.618398348261764,spoiled
951,-2.6894724587741963,0.39891975207884983,spoiled
952,-2.72238100475698,0.4139183009805576,spoiled
953,-2.6607021941276816,0.5941417478335016,spoiled
954,-2.6603536635216325,0.5316012141934896,spoiled
955,-2.670780615226786,0.5966425615825269,spoiled
956,-2.741625253150774,0.4069125505522999,spoiled
957,-2.707270539997879,0.5616676493614493,spoiled
958,-2.742695912729244,0.4198909098007789,spoiled
959,-2.6662093014209454,0.5426736700303815,spoiled
960,-2.728034253847967,0.40736470259357294,spoiled
961,-2.6757798111610427,0.5488386294404352,spoiled
962,-2.720651769383041,0.40561425708504145,spoiled
963,-2.6849223027708464,0.5352243858203933,spoiled
964,-2.727093892030549,0.543419168449595,spoiled
965,-2.7596537373427785,0.5124462323971996,spoiled
966,-2.7375790643409332,0.49914536854659497,spoiled
967,-2.7566043414780004,0.5658957423510795,spoiled
968,-2.7925589689082617,0.4243730422424845,spoiled
969,-2.739861915498297,0.5105918232789107,spoiled
970,-2.7152821461876577,0.6134904688517671,spoiled
971,-2.7761286280892263,0.42295030252277094,spoiled
972,-2.746193030891248,0.5786308533110309,spoiled
973,-2.748090905326679,0.5287032142804156,spoiled
974,-2.6862192236143407,0.5376306378957342,spoiled
975,-2.7232951666900282,0.5771351469513634,spoiled
976,-2.679513613152926,0.6629274863387843,spoiled
977,-2.663609318579459,0.6029991426467182,spoiled
978,-2.72162597233296,0.560013159484752,spoiled
979,-2.717713890128292,0.6166774515139328,spoiled
980,-2.7898914406092437,0.43562751199293515,spoiled
981,-2.7480957264907575,0.5786907187287588,spoiled
982,-2.739768684552622,0.5785330038121939,spoiled
983,-2.704615665538764,0.6725394002718039,spoiled
984,-2.7019384167055818,0.676482782650498,spoiled
985,-2.686467693492429,0.6136983008091069,spoiled
986,-2.7095382778414536,0.5711047995985503,spoiled
987,-2.772396997255191,0.4433538109244104,spoiled
988,-2.704949213027272,0.6293324815251096,spoiled
989,-2.7474815815453892,0.5343835394548878,spoiled
990,-2.6948479343302054,0.6164353997758124,spoiled
991,-3.267215737680656,0.8057622291909464,spoiled
992,-2.7814807987127295,0.4301388722580981,spoiled
993,-2.6991529426425744,0.5998844965984997,spoiled
994,-2.708210172904952,0.6131063719366509,spoiled
995,-2.736916469657473,0.62071200389416,spoiled
996,-2.7412678728582773,0.6230445403565916,spoiled
997,-2.747520015018764,0.573378027631717,spoiled
998,-2.7583498136414626,0.5273347759016178,spoiled
999,-2.7730924096873313,0.5927912313633443,spoiled
1000,-2.7199730253389878,0.6206648142486046,spoiled
1001,-2.7001780947854703,0.6638045930616177,spoiled
1002,-2.7448747504890925,0.5804757439777398,spoiled
1003,-2.822324564955074,0.5926330151058073,spoiled
1004,-2.8487743595550272,0.6067730459199429,spoiled
1005,-2.7854331757108417,0.6251762220251219,spoiled
1006,-2.813731921445173,0.5912100244620888,spoiled
1007,-2.7832019446917817,0.6910260741850995,spoiled
1008,-2.781704634042738,0.5863331182383231,spoiled
1009,-2.7365076709540994,0.6171069076517649,spoiled
1010,-2.799581681319657,0.5461675120248484,spoiled
1011,-2.7417809650046476,0.5714588913011561,spoiled
1012,-2.7649755994158185,0.7041513643997008,spoiled
1013,-2.683140224155844,0.7056011408475639,spoiled
1014,-2.7432697006416746,0.6740724464307686,spoiled
1015,-2.789792273057075,0.5908216708483665,spoiled
1016,-2.7546938050134866,0.6828041016353917,spoiled
1017,-2.7430354432388206,0.6748400540019913,spoiled
1018,-2.7721244136780356,0.6964652001517821,spoiled
1019,-2.841757595707617,0.4549266338584236,spoiled
1020,-2.8219101954801817,0.7080316719370182,spoiled
1021,-2.818832312062369,0.6521524983885696,spoiled
1022,-2.7854293023618446,0.6346422701879263,spoiled
1023,-2.7920905744863447,0.642482644286187,spoiled
1024,-2.8029419465125818,0.7081427977635809,spoiled
1025,-2.7955596047150117,0.5806547122366841,spoiled
1026,-2.823147532847369,0.6024103467909482,spoiled
1027,-2.7521367979650706,0.7317967849654664,spoiled
1028,-2.766478390654056,0.6315448023602085,spoiled
1029,-2.7647843730781183,0.6890280483345627,spoiled
1030,-2.781794642694802,0.6490800610769094,spoiled
1031,-2.7718212998209566,0.7383136450029739,spoiled
1032,-2.7940258135651383,0.7010928473842675,spoiled
1033,-2.7692761452775736,0.6275843594613201,spoiled
1034,-2.7937852271105634,0.6996710429093299,spoiled
1035,-2.8099085469059784,0.7126463869858745,spoiled
1036,-2.7578675267727233,0.6254434071774841,spoiled
1037,-2.779702880144954,0.6264247460355041,spoiled
1038,-2.8259323609178453,0.7086422067922923,spoiled
1039,-2.8389995158891574,0.6608786381441127,spoiled
1040,-2.767816248526906,0.6749063391153554,spoiled
1041,-2.7799707144462094,0.6857257751501371,spoiled
1042,-2.829060473684122,0.660115736714164,spoiled
1043,-2.8628785788182824,0.5670030125858275,spoiled
1044,-2.781089336134027,0.6294866503333036,spoiled
1045,-2.7454326579694204,0.7194112302663197,spoiled
1046,-2.7936568399752946,0.7457320156504523,spoiled
1047,-2.7725748635005543,0.6830011642421393,spoiled
1048,-2.7821893761591827,0.7432301827713362,spoiled
1049,-2.808668428348949,0.7013934475972389,spoiled
1050,-2.716255910834833,0.8602277259120326,spoiled
1051,-2.8588071751160955,0.7014098055981458,spoiled
1052,-2.8737154206128444,0.7177358534667269,spoiled
1053,-2.8688879462737544,0.7207419386097697,spoiled
1054,-2.834017489716454,0.6440255790503949,spoiled
1055,-2.8372177809197354,0.7623331421795754,spoiled
1056,-2.843902938462027,0.7073728440107436,spoiled
1057,-2.8862411062168447,0.6768852496463381,spoiled
1058,-2.8408093290041045,0.6945623262901134,spoiled
1059,-2.868387410494701,0.7058438270418679,spoiled
1060,-2.8815402415081235,0.7154405497503855,spoiled
1061,-2.862746320204056,0.7057730209217673,spoiled
1062,-2.8613953064508353,0.7071796292886089,spoiled
1063,-2.8161988093642356,0.7437125976130801,spoiled
1064,-2.805555614440059,0.6881953158208554,spoiled
1065,-2.810811585914475,0.7445722936368565,spoiled
1066,-2.871422614657903,0.6698273575509245,spoiled
1067,-2.830680920257354,0.7581001952293098,spoiled
1068,-2.8210660995105807,0.6438094155424698,spoiled
1069,-2.7985359829046654,0.7384241904912957,spoiled
1070,-2.7957206260267164,0.7395635356771383,spoiled
1071,-2.8589948045916245,0.6613391515152133,spoiled
1072,-2.7394610329868536,0.8144529198594485,spoiled
1073,-2.837376694405001,0.7339589530270046,spoiled
1074,-2.8948882542948864,0.6570074922872982,spoiled
1075,-2.816458799624239,0.8399628668639427,spoiled
1076,-2.878269141681942,0.764961513369065,spoiled
1077,-2.8852608892404716,0.7737469590332375,spoiled
1078,-2.702475396079383,0.5256413137907385,spoiled
1079,-2.8376649522546074,0.7514726860754087,spoiled
1080,-2.8586651247664694,0.6478386632799433,spoiled
1081,-2.883755538674734,0.7226739005182634,spoiled
1082,-2.896553152090701,0.7220888471893755,spoiled
1083,-2.8785432330190464,0.7100617029789783,spoiled
1084,-2.816428996933934,0.7329559728106211,spoiled
1085,-2.8545076741024342,0.7011469747618021,spoiled
1086,-2.8889799615676037,0.7256644130889024,spoiled
1087,-2.8057963346302413,0.7318357966824325,spoiled
1088,-2.893017218550413,0.6636570435889898,spoiled
1089,-2.913791650688818,0.6732348842162423,spoiled
1090,-2.8441981256194815,0.743484888049958,spoiled
1091,-2.8852205892954332,0.7711221474364521,spoiled
1092,-2.922038062641901,0.7561049287436858,spoiled
1093,-2.859776038312676,0.7036664700248192,spoiled
1094,-2.816684381573896,0.7349668805617907,spoiled
1095,-2.883403041796272,0.7152809708344902,spoiled
1096,-2.8862739003572764,0.713842069541266,spoiled
1097,-2.874377217079956,0.7084157898517993,spoiled
1098,-2.9131029909869586,0.726914729199727,spoiled
1099,-2.9118068834638335,0.6739393695510757,spoiled
1100,-2.908874698004276,0.7257782484356717,spoiled
1101,-2.902867597846246,0.7195185055197061,spoiled
1102,-2.814013649219371,0.8392304426443079,spoiled
1103,-2.9277876119595923,0.727126065557031,spoiled
1104,-2.935569677511277,0.6727921407707375,spoiled
1105,-2.954243661560533,0.6834460770149212,spoiled
1106,-2.867723481248568,0.7637067382004831,spoiled
1107,-2.9580689555980815,0.7225616128981796,spoiled
1108,-2.955765280598659,0.6661325939123754,spoiled
1109,-2.9522133566155437,0.7183369670604189,spoiled
1110,-2.9873098799713174,0.7404889184345451,spoiled
1111,-2.983061989771412,0.7396956484017296,spoiled
1112,-2.9148754385907987,0.7581536518929372,spoiled
1113,-2.965432476169657,0.6855631639941784,spoiled
1114,-2.97475391854109,0.7391904098563616,spoiled
1115,-2.937014036294266,0.7174059577407166,spoiled
1116,-2.9152626591694912,0.7209600150791389,spoiled
1117,-2.8997486135195825,0.7553357690281775,spoiled
1118,-2.892323729297818,0.7500802744699984,spoiled
1119,-2.931293406816419,0.6626670437578082,spoiled
1120,-2.938948370339778,0.7769524514210945,spoiled
1121,-2.9255515181654626,0.7145731609016345,spoiled
1122,-2.894187439492053,0.7523149964589531,spoiled
1123,-2.9350118924328674,0.6794464818461364,spoiled
1124,-2.9253612999881295,0.6532074601639651,spoiled
1125,-2.9243125786310973,0.7637427676676832,spoiled
1126,-2.9852784389679052,0.6850425656780953,spoiled
1127,-2.957328589463891,0.7192516461705156,spoiled
1128,-2.951088321536394,0.6665807881237809,spoiled
1129,-2.9466318449693407,0.7189540127398343,spoiled
1130,-2.9603693578915276,0.6141209876614666,spoiled
1131,-2.9527712346006294,0.6643365924677752,spoiled
1132,-2.969344218448039,0.7294868663597736,spoiled
1133,-2.9470230942021405,0.7174361666275029,spoiled
1134,-2.9221096457499507,0.6839424278767401,spoiled
1135,-2.925278740455601,0.6446975589635302,spoiled
1136,-2.8954168806110085,0.6832166932937914,spoiled
1137,-2.965995723901431,0.6842364235652619,spoiled
1138,-2.9211501393878003,0.6992841875648763,spoiled
1139,-2.871197970879712,0.7278841626752873,spoiled
1140,-2.889004171896112,0.8491382970139165,spoiled
1141,-2.94879980955623,0.7050078790491879,spoiled
1142,-3.0100069684332396,0.6842000732097788,spoiled
1143,-2.9491303750405193,0.7635347989853194,spoiled
1144,-2.9986791236951533,0.7313005231945254,spoiled
1145,-2.959896689030239,0.7123349062597012,spoiled
1146,-2.9593105214986464,0.7115232733141127,spoiled
1147,-2.939332508058431,0.7033664898775424,spoiled
1148,-2.945591592625939,0.7167609395740511,spoiled
1149,-2.9762195000353513,0.7258178579120063,spoiled
1150,-2.92876918790794,0.644208591114376,spoiled
1151,-2.9817489009180975,0.6753829376817923,spoiled
1152,-2.956890969553618,0.6604074506088763,spoiled
1153,-2.9317413382116095,0.6473474712855661,spoiled
1154,-2.953126540745525,0.6564303000946745,spoiled
1155,-2.978021795939902,0.7286526311547994,spoiled
1156,-2.92549032336078,0.7555762977991348,spoiled
1157,-2.9672586082413535,0.7215141127310464,spoiled
1158,-2.93674038766741,0.7573187873449998,spoiled
1159,-2.9818571730106043,0.6160722618572635,spoiled
1160,-2.960004588347588,0.7148625935008394,spoiled
1161,-2.923816523392948,0.7528608466397626,spoiled
1162,-2.9822899581116413,0.6719262360286182,spoiled
1163,-2.983606480299218,0.5610678157427665,spoiled
1164,-2.969916129212263,0.7160145390558025,spoiled
1165,-2.963109482383198,0.7144426705796768,spoiled
1166,-2.9311366028798895,0.6949719400368956,spoiled
1167,-2.9284240085969935,0.7485035461424079,spoiled
1168,-2.960775368216869,0.7142892924587226,spoiled
1169,-2.978483843809432,0.7220424581927484,spoiled
1170,-2.9939831372278567,0.6784031507268761,spoiled
1171,-2.9575102085505174,0.7672849657271068,spoiled
1172,-2.9121279531862605,0.7381282744563975,spoiled
1173,-2.9668713927693577,0.716182765956863,spoiled
1174,-2.932979324948452,0.7464983335106988,spoiled
1175,-2.9940886530249116,0.7177102244039965,spoiled
1176,-2.9469028010255593,0.7440133337308795,spoiled
1177,-3.0350496602664894,0.741173069166663,spoiled
1178,-2.9675489849072,0.7597618642591758,spoiled
1179,-3.0355099692705805,0.6876391124690187,spoiled
1180,-2.965689865559603,0.7573018298104566,spoiled
1181,-2.993208149411166,0.7206972288377131,spoiled
1182,-2.998768036194081,0.6698376229749329,spoiled
1183,-3.0592521869718476,0.754228729179815,spoiled
1184,-3.0005191629224175,0.6645681555398567,spoiled
1185,-3.0161832988912893,0.7295457006278057,spoiled
1186,-2.9804098969353916,0.7622889823656813,spoiled
1187,-2.98871956247869,0.662097030805015,spoiled
1188,-3.009002072392294,0.7841848302483656,spoiled
1189,-3.009465216005535,0.7279558483872208,spoiled
1190,-3.040695993597737,0.6360845913709984,spoiled
1191,-2.9886005420092525,0.661069502499949,spoiled
1192,-2.95157132421443,0.7531640305175784,spoiled
1193,-3.023144679929486,0.7401755160280403,spoiled
1194,-2.921045287397207,0.847457676572637,spoiled
1195,-2.9296139359404596,0.8519489127423037,spoiled
1196,-3.001010592203817,0.7263649458212611,spoiled
1197,-2.936273364686788,0.8562401554181305,spoiled
1198,-2.968801396384393,0.7611143379328126,spoiled
1199,-2.9562383673379284,0.7007543761593328,spoiled
1200,-2.954578720372809,0.8643414184002469,spoiled
1201,-2.931230402474734,0.8517901736826081,spoiled
1202,-2.9722908400535872,0.7032395774210781,spoiled
1203,-2.977106051741005,0.7082532224793255,spoiled
1204,-2.9765646990094647,0.8740961889341201,spoiled
1205,-2.960340370631962,0.754105842002978,spoiled
1206,-3.001492533761839,0.8799247895389903,spoiled
1207,-3.011691796262038,0.7183581899427628,spoiled
1208,-3.004059747255173,0.8825665754284208,spoiled
1209,-3.0242343183678715,0.7287177330150366,spoiled
1210,-2.960824217477608,0.861494672438078,spoiled
1211,-3.0063690726475603,0.7201164641544637,spoiled
1212,-3.0146378405823278,0.7825211122118583,spoiled
1213,-2.98654893497888,0.7104251990478792,spoiled
1214,-3.001776469244398,0.7743068737528551,spoiled
1215,-2.943290662917183,0.861026477090501,spoiled
1216,-2.998017151921584,0.7716754327901337,spoiled
1217,-2.963825635441821,0.7541467773119339,spoiled
1218,-2.9845817320848647,0.7065736036890928,spoiled
1219,-2.9958863211647464,0.7149195264260539,spoiled
1220,-3.006838437728322,0.7250094585570624,spoiled
1221,-2.9664198342630756,0.7619089766453001,spoiled
1222,-2.956872266606452,0.8271798721184224,spoiled
1223,-2.98667877161386,0.6528986638836891,spoiled
1224,-3.0006521828673756,0.6602501769013015,spoiled
1225,-2.986066133226158,0.8780646123308029,spoiled
1226,-3.013319730380033,0.7748794251641247,spoiled
1227,-2.939352274364448,0.8488495336681801,spoiled
1228,-2.9445429008934054,0.8532810426806441,spoiled
1229,-2.9728046961792987,0.7010716608082417,spoiled
1230,-2.962998246211764,0.8640046867695275,spoiled
1231,-2.9974439782501032,0.7118015713956319,spoiled
1232,-3.022193538420799,0.7256741222095576,spoiled
1233,-3.0037207984778496,0.7741171655035772,spoiled
1234,-2.986016066208875,0.8734371388554335,spoiled
1235,-2.942386133662125,0.847618437978596,spoiled
1236,-3.0135333633829955,0.7236549997172077,spoiled
1237,-2.9539027696013074,0.8536042407659783,spoiled
1238,-2.979967954313997,0.7047040487168416,spoiled
1239,-3.038455276332183,0.6814522203641799,spoiled
1240,-2.9736934617662882,0.7501556514992381,spoiled
1241,-2.989876033606994,0.8747584212243463,spoiled
1242,-2.981876232647059,0.7564997827228268,spoiled
1243,-3.0075886266847425,0.8790723720037992,spoiled
1244,-2.983934874268741,0.7560693748474381,spoiled
1245,-3.0505370817953823,0.7417711812916487,spoiled
1246,-2.975283913728163,0.7534195106971926,spoiled
1247,-3.000600608177598,0.8801297116516231,spoiled
1248,-3.005031974109477,0.8825630932824498,spoiled
1249,-3.001097716972494,0.875963912138513,spoiled
1250,-3.0121629062273363,0.7700914297847903,spoiled
1251,-2.989129329939225,0.8700926939040716,spoiled
1252,-3.011246778400748,0.7135028006344235,spoiled
1253,-3.0100017020131147,0.884757933357757,spoiled
1254,-2.9642568194156396,0.8606117880944264,spoiled
1255,-2.976097660216775,0.7557185792479189,spoiled
1256,-3.039546379097766,0.7381294524004365,spoiled
1257,-2.973705069507599,0.7554347155369658,spoiled
1258,-2.972045855324241,0.862883641921122,spoiled
1259,-2.9943181200076645,0.7037877393324156,spoiled
1260,-2.9894953330000043,0.7611328570957314,spoiled
1261,-2.9808526880977864,0.753843467557828,spoiled
1262,-2.9695179127599105,0.7512543926514309,spoiled
1263,-2.9746814038427574,0.8632159646837639,spoiled
1264,-3.0170616693753423,0.7206527229930488,spoiled
1265,-2.984452013515318,0.867320635487692,spoiled
1266,-2.9787644583547364,0.8682263419841529,spoiled
1267,-2.979214470957652,0.7548873641788147,spoiled
1268,-3.0021579332982355,0.7659535758581554,spoiled
1269,-2.9329568397968426,0.835991931598157,spoiled
1270,-2.9664821509651995,0.7423750792673529,spoiled
1271,-2.9935245643124353,0.7566454602638469,spoiled
1272,-2.9814402281953143,0.8661789982077822,spoiled
1273,-2.976700838160998,0.7500711883977318,spoiled
1274,-2.955816413347175,0.8504830259476898,spoiled
1275,-3.01205126728828,0.8788880779604651,spoiled
1276,-2.954527231639724,0.8475485939666092,spoiled
1277,-2.956790451437786,0.8488474468728913,spoiled
1278,-3.0389365341126866,0.7294174641261554,spoiled
1279,-2.963859369116607,0.9088472326392956,spoiled
1280,-2.965458876909247,0.8592713379771886,spoiled
1281,-3.0319826690205907,0.7852227729328071,spoiled
1282,-2.9713664399647755,0.6931512699037767,spoiled
1283,-3.0405050359100674,0.7290950373247591,spoiled
1284,-2.984598254621174,0.7532230601618212,spoiled
1285,-2.992610045955608,0.7569035990096415,spoiled
1286,-2.9972638892630634,0.75947870312435,spoiled
1287,-3.0090253514535084,0.882345148745837,spoiled
1288,-2.996006680285784,0.7600377345850645,spoiled
1289,-3.1465658047039415,0.34422923718950793,spoiled
1290,-2.997523114883887,0.7625987654170341,spoiled
1291,-2.967575067660145,0.8568494933339503,spoiled
1292,-3.055680365991251,0.738713577779431,spoiled
1293,-3.0254934866610586,0.8887644629701256,spoiled
1294,-2.9979050728881314,0.7609091214215566,spoiled
1295,-2.941070861972459,0.9535846325025388,spoiled
1296,-2.9932781213914597,0.8707501530371412,spoiled
1297,-2.98228625824325,0.9798424956349048,spoiled
1298,-2.9603364520241517,0.8514841893927679,spoiled
1299,-2.99348112399384,0.8760926963072035,spoiled
1300,-2.969856301789807,0.8551579048112485,spoiled
1301,-3.025640215929662,0.8941740779232725,spoiled
1302,-2.9960378915645025,0.7605270169252808,spoiled
1303,-2.9833183021282283,0.8639689939749301,spoiled
1304,-3.035496096903758,0.8910454813587256,spoiled
1305,-3.0342508328958004,1.0059119927700624,spoiled
1306,-3.023307162842993,0.8890542899740053,spoiled
1307,-3.0583361075208892,0.7427009355163944,spoiled
1308,-3.0171499621829185,0.7745888329941741,spoiled
1309,-2.9761276017455933,0.8639775387989662,spoiled
1310,-2.999207912674192,0.878882169239637,spoiled
1311,-3.0433337206186373,0.7923444175515759,spoiled
1312,-3.0778865545950245,0.8087632251169354,spoiled
1313,-3.0315176597013194,0.7287370405227471,spoiled
1314,-3.066995547846107,0.7503045745949182,spoiled
1315,-3.027472012785347,0.897189461492222,spoiled
1316,-3.0022692541270857,0.8813274379656026,spoiled
1317,-3.0193888237124193,0.7255364402004625,spoiled
1318,-3.0128006406527987,0.7211286693056291,spoiled
1319,-3.002163106312559,0.7731006724745458,spoiled
1320,-2.9825748568408756,0.7646295848518395,spoiled
1321,-2.9900708186516036,0.880487713604088,spoiled
1322,-2.967951008283626,0.751531575437461,spoiled
1323,-2.9852325943705647,0.8757823871564733,spoiled
1324,-3.003548431822669,0.7740234765517451,spoiled
1325,-2.993921306183049,0.7603718472005917,spoiled
1326,-3.021518730017852,0.8914960513714729,spoiled
1327,-2.981483152045994,0.865941890350543,spoiled
1328,-3.0670890610135775,0.7491813772295438,spoiled
1329,-3.0091664029022276,0.8833848568414078,spoiled
1330,-2.9965107707674137,0.9334281371621622,spoiled
1331,-3.0077780106718714,0.7752713976945899,spoiled
1332,-3.01379635567028,0.8846170994676703,spoiled
1333,-3.004275053057428,0.767280242375898,spoiled
1334,-3.0091564904539183,0.8814415633562186,spoiled
1335,-3.0212606599122025,0.7202512128307227,spoiled
1336,-2.9883253606593625,0.760728515556291,spoiled
1337,-3.0321225579005784,0.7298385133132725,spoiled
1338,-2.985734122456537,0.8663092913495427,spoiled
1339,-3.070665531348663,0.7983406231615121,spoiled
1340,-3.015629904388206,0.7682405587369068,spoiled
1341,-3.0585601531905677,0.909647782038369,spoiled
1342,-3.0418626434790204,0.8992874619269782,spoiled
1343,-3.071977122910331,0.7519443985150683,spoiled
1344,-2.9916475118799664,0.8695630724218978,spoiled
1345,-3.077854721660124,0.6928913654964499,spoiled
1346,-2.497051634802659,2.378055245528253,spoiled
1347,-3.021581852722601,0.7768750367217365,spoiled
1348,-3.0360969733252463,0.8969187746179434,spoiled
1349,-3.0765861447599794,0.7558774817627799,spoiled
1350,-3.0236405377709734,0.7836811210001527,spoiled
1351,-3.008535788385924,0.8849675743417216,spoiled
1352,-3.0532706853712033,0.799250806452592,spoiled
1353,-3.0772784896019054,0.7570634054639245,spoiled
1354,-3.0274505217001066,0.7857379172804875,spoiled
1355,-3.0682951823893085,0.7476938776442076,spoiled
1356,-3.055453966260646,0.7979573648421503,spoiled
1357,-3.050077496482306,0.7941451040503328,spoiled
1358,-3.0595391645028904,0.7437968694220171,spoiled
1359,-3.0561411488933254,0.7424613498979845,spoiled
